Criteria,City,Week,Value
К1,Москва,Н1,0.685
К1,Москва,Н2,0.624
К1,Москва,Н3,0.6
К1,Москва,Н4,0.413
К1,Москва,Н5,0.712
К1,Москва,Н6,0.887
К1,Москва,Н7,0.843
К1,Москва,Н8,0.707
К1,Москва,Н9,0.538
К1,Москва,Н10,0.769
К1,Москва,Н11,0.663
К1,Москва,Н12,0.712
К1,Москва,Н13,0.769
К1,Москва,Н14,0.609
К1,Москва,Н15,0.639
К1,Москва,Н16,0.571
К1,Москва,Н17,0.716
К1,Москва,Н18,0.714
К1,Москва,Н19,0.754
К1,Москва,Н20,0.817
К1,Москва,Н21,0.739
К1,Москва,Н22,0.78
К1,Москва,Н23,0.667
К1,Москва,Н24,0.738
К1,Москва,Н25,0.841
К1,Москва,Н26,0.735
К1,Москва,Н27,0.707
К1,Москва,Н28,0.803
К1,Москва,Н29,0.88
К1,Москва,Н30,0.851
К1,Москва,Н31,0.768
К1,Москва,Н32,0.893
К1,Москва,Н33,0.885
К1,Москва,Н34,0.959
К1,Москва,Н35,0.978
К1,Москва,Н36,0.939
К1,Москва,Н37,1.561
К1,Москва,Н38,1.062
К1,Москва,Н39,0.974
К1,Москва,Н40,0.945
К1,Москва,Н41,1.001
К1,Москва,Н42,1.202
К1,Москва,Н43,0.553
К1,Москва,Н44,0.692
К1,Москва,Н45,0.995
К1,Москва,Н46,1.05
К1,Москва,Н47,1.129
К1,Москва,Н48,1.125
К1,Москва,Н49,1.019
К1,Москва,Н50,0.983
К1,Москва,Н51,0.793
К1,Москва,Н52,0.782
К2,Москва,Н1,2.749
К2,Москва,Н2,2.747
К2,Москва,Н3,2.633
К2,Москва,Н4,3.184
К2,Москва,Н5,4.072
К2,Москва,Н6,4.557
К2,Москва,Н7,4.779
К2,Москва,Н8,4.553
К2,Москва,Н9,4.693
К2,Москва,Н10,4.852
К2,Москва,Н11,5.684
К2,Москва,Н12,5.447
К2,Москва,Н13,5.02
К2,Москва,Н14,4.108
К2,Москва,Н15,4.245
К2,Москва,Н16,3.644
К2,Москва,Н17,3.701
К2,Москва,Н18,3.536
К2,Москва,Н19,3.55
К2,Москва,Н20,3.632
К2,Москва,Н21,3.372
К2,Москва,Н22,3.478
К2,Москва,Н23,3.48
К2,Москва,Н24,3.444
К2,Москва,Н25,3.479
К2,Москва,Н26,3.427
К2,Москва,Н27,3.654
К2,Москва,Н28,3.873
К2,Москва,Н29,4.083
К2,Москва,Н30,3.974
К2,Москва,Н31,4.045
К2,Москва,Н32,4.702
К2,Москва,Н33,4.975
К2,Москва,Н34,4.998
К2,Москва,Н35,5.446
К2,Москва,Н36,5.581
К2,Москва,Н37,5.387
К2,Москва,Н38,5.318
К2,Москва,Н39,4.809
К2,Москва,Н40,4.476
К2,Москва,Н41,4.096
К2,Москва,Н42,4.133
К2,Москва,Н43,3.265
К2,Москва,Н44,4.939
К2,Москва,Н45,4.849
К2,Москва,Н46,5.17
К2,Москва,Н47,5.323
К2,Москва,Н48,5.328
К2,Москва,Н49,5.278
К2,Москва,Н50,4.408
К2,Москва,Н51,4.584
К2,Москва,Н52,4.344
К3,Москва,Н1,17.307
К3,Москва,Н2,13.944
К3,Москва,Н3,13.326
К3,Москва,Н4,10.905
К3,Москва,Н5,14.057
К3,Москва,Н6,12.276
К3,Москва,Н7,16.911
К3,Москва,Н8,17.378
К3,Москва,Н9,17.761
К3,Москва,Н10,20.078
К3,Москва,Н11,22.073
К3,Москва,Н12,25.332
К3,Москва,Н13,22.255
К3,Москва,Н14,20.887
К3,Москва,Н15,23.736
К3,Москва,Н16,25.348
К3,Москва,Н17,19.224
К3,Москва,Н18,23.557
К3,Москва,Н19,20.046
К3,Москва,Н20,19.227
К3,Москва,Н21,18.959
К3,Москва,Н22,19.293
К3,Москва,Н23,19.113
К3,Москва,Н24,19.259
К3,Москва,Н25,17.966
К3,Москва,Н26,17.07
К3,Москва,Н27,15.656
К3,Москва,Н28,15.261
К3,Москва,Н29,14.903
К3,Москва,Н30,14.953
К3,Москва,Н31,16.074
К3,Москва,Н32,16.107
К3,Москва,Н33,16.664
К3,Москва,Н34,17.678
К3,Москва,Н35,18.063
К3,Москва,Н36,21.045
К3,Москва,Н37,18.932
К3,Москва,Н38,17.043
К3,Москва,Н39,18.468
К3,Москва,Н40,20.269
К3,Москва,Н41,20.324
К3,Москва,Н42,17.751
К3,Москва,Н43,11.568
К3,Москва,Н44,14.467
К3,Москва,Н45,23.422
К3,Москва,Н46,23.124
К3,Москва,Н47,21.845
К3,Москва,Н48,20.1
К3,Москва,Н49,19.872
К3,Москва,Н50,25.328
К3,Москва,Н51,21.121
К3,Москва,Н52,24.587
К4,Москва,Н1,42.851
К4,Москва,Н2,36.863
К4,Москва,Н3,26.066
К4,Москва,Н4,22.077
К4,Москва,Н5,20.536
К4,Москва,Н6,22.285
К4,Москва,Н7,26.792
К4,Москва,Н8,27.122
К4,Москва,Н9,30.114
К4,Москва,Н10,33.168
К4,Москва,Н11,37.045
К4,Москва,Н12,39.685
К4,Москва,Н13,35.703
К4,Москва,Н14,35.047
К4,Москва,Н15,38.427
К4,Москва,Н16,37.482
К4,Москва,Н17,38.772
К4,Москва,Н18,38.367
К4,Москва,Н19,43.508
К4,Москва,Н20,45.318
К4,Москва,Н21,45.762
К4,Москва,Н22,46.308
К4,Москва,Н23,47.492
К4,Москва,Н24,54.108
К4,Москва,Н25,50.395
К4,Москва,Н26,47.367
К4,Москва,Н27,46.85
К4,Москва,Н28,45.065
К4,Москва,Н29,45.59
К4,Москва,Н30,45.336
К4,Москва,Н31,50.492
К4,Москва,Н32,50.802
К4,Москва,Н33,49.841
К4,Москва,Н34,50.515
К4,Москва,Н35,54.808
К4,Москва,Н36,50.82
К4,Москва,Н37,48.945
К4,Москва,Н38,50.318
К4,Москва,Н39,47.32
К4,Москва,Н40,45.395
К4,Москва,Н41,44.194
К4,Москва,Н42,37.939
К4,Москва,Н43,28.163
К4,Москва,Н44,43.913
К4,Москва,Н45,48.157
К4,Москва,Н46,48.639
К4,Москва,Н47,52.247
К4,Москва,Н48,52.813
К4,Москва,Н49,48.974
К4,Москва,Н50,41.532
К4,Москва,Н51,41.472
К4,Москва,Н52,39.269
К5,Москва,Н1,33.748
К5,Москва,Н2,43.857
К5,Москва,Н3,43.975
К5,Москва,Н4,52.438
К5,Москва,Н5,50
К5,Москва,Н6,56.598
К5,Москва,Н7,42.718
К5,Москва,Н8,35.227
К5,Москва,Н9,32.619
К5,Москва,Н10,42.913
К5,Москва,Н11,36.391
К5,Москва,Н12,34.121
К5,Москва,Н13,34.769
К5,Москва,Н14,28.791
К5,Москва,Н15,31.769
К5,Москва,Н16,30.07
К5,Москва,Н17,30.667
К5,Москва,Н18,29.888
К5,Москва,Н19,30.762
К5,Москва,Н20,29.445
К5,Москва,Н21,27.86
К5,Москва,Н22,28.304
К5,Москва,Н23,29.042
К5,Москва,Н24,29.502
К5,Москва,Н25,30.538
К5,Москва,Н26,30.922
К5,Москва,Н27,33.569
К5,Москва,Н28,33.844
К5,Москва,Н29,33.028
К5,Москва,Н30,34.937
К5,Москва,Н31,39.979
К5,Москва,Н32,40.922
К5,Москва,Н33,42.555
К5,Москва,Н34,42.402
К5,Москва,Н35,45.126
К5,Москва,Н36,47.984
К5,Москва,Н37,47.175
К5,Москва,Н38,48.281
К5,Москва,Н39,47.104
К5,Москва,Н40,42.452
К5,Москва,Н41,39.865
К5,Москва,Н42,34.152
К5,Москва,Н43,28.218
К5,Москва,Н44,33.953
К5,Москва,Н45,39.625
К5,Москва,Н46,42.59
К5,Москва,Н47,46.021
К5,Москва,Н48,47.725
К5,Москва,Н49,43.059
К5,Москва,Н50,38.429
К5,Москва,Н51,35.868
К5,Москва,Н52,37.251
К6,Москва,Н1,0.129
К6,Москва,Н2,0.116
К6,Москва,Н3,0.157
К6,Москва,Н4,0.115
К6,Москва,Н5,0.352
К6,Москва,Н6,0.623
К6,Москва,Н7,0.185
К6,Москва,Н8,0.164
К6,Москва,Н9,0.129
К6,Москва,Н10,0.181
К6,Москва,Н11,0.196
К6,Москва,Н12,0.219
К6,Москва,Н13,0.245
К6,Москва,Н14,0.133
К6,Москва,Н15,0.18
К6,Москва,Н16,0.174
К6,Москва,Н17,0.083
К6,Москва,Н18,0.102
К6,Москва,Н19,0.113
К6,Москва,Н20,0.09
К6,Москва,Н21,0.122
К6,Москва,Н22,0.105
К6,Москва,Н23,0.092
К6,Москва,Н24,0.092
К6,Москва,Н25,0.088
К6,Москва,Н26,0.063
К6,Москва,Н27,0.108
К6,Москва,Н28,0.15
К6,Москва,Н29,0.169
К6,Москва,Н30,0.133
К6,Москва,Н31,0.097
К6,Москва,Н32,0.131
К6,Москва,Н33,0.176
К6,Москва,Н34,0.148
К6,Москва,Н35,0.175
К6,Москва,Н36,0.184
К6,Москва,Н37,0.214
К6,Москва,Н38,0.162
К6,Москва,Н39,0.159
К6,Москва,Н40,0.172
К6,Москва,Н41,0.197
К6,Москва,Н42,0.133
К6,Москва,Н43,0.063
К6,Москва,Н44,0.069
К6,Москва,Н45,0.115
К6,Москва,Н46,0.175
К6,Москва,Н47,0.173
К6,Москва,Н48,0.168
К6,Москва,Н49,0.2
К6,Москва,Н50,0.157
К6,Москва,Н51,0.132
К6,Москва,Н52,0.169
К1,Санкт-Петербург,Н1,0.363
К1,Санкт-Петербург,Н2,0.341
К1,Санкт-Петербург,Н3,0.343
К1,Санкт-Петербург,Н4,0.167
К1,Санкт-Петербург,Н5,0.211
К1,Санкт-Петербург,Н6,0.244
К1,Санкт-Петербург,Н7,0.382
К1,Санкт-Петербург,Н8,0.302
К1,Санкт-Петербург,Н9,0.276
К1,Санкт-Петербург,Н10,0.398
К1,Санкт-Петербург,Н11,0.45
К1,Санкт-Петербург,Н12,0.313
К1,Санкт-Петербург,Н13,0.404
К1,Санкт-Петербург,Н14,0.376
К1,Санкт-Петербург,Н15,0.389
К1,Санкт-Петербург,Н16,0.356
К1,Санкт-Петербург,Н17,0.446
К1,Санкт-Петербург,Н18,0.366
К1,Санкт-Петербург,Н19,0.371
К1,Санкт-Петербург,Н20,0.416
К1,Санкт-Петербург,Н21,0.287
К1,Санкт-Петербург,Н22,0.356
К1,Санкт-Петербург,Н23,0.381
К1,Санкт-Петербург,Н24,0.287
К1,Санкт-Петербург,Н25,0.413
К1,Санкт-Петербург,Н26,0.39
К1,Санкт-Петербург,Н27,0.397
К1,Санкт-Петербург,Н28,0.478
К1,Санкт-Петербург,Н29,0.473
К1,Санкт-Петербург,Н30,0.334
К1,Санкт-Петербург,Н31,0.422
К1,Санкт-Петербург,Н32,0.376
К1,Санкт-Петербург,Н33,0.416
К1,Санкт-Петербург,Н34,0.484
К1,Санкт-Петербург,Н35,0.432
К1,Санкт-Петербург,Н36,0.453
К1,Санкт-Петербург,Н37,0.603
К1,Санкт-Петербург,Н38,0.59
К1,Санкт-Петербург,Н39,0.5
К1,Санкт-Петербург,Н40,0.512
К1,Санкт-Петербург,Н41,0.456
К1,Санкт-Петербург,Н42,0.624
К1,Санкт-Петербург,Н43,0.306
К1,Санкт-Петербург,Н44,0.477
К1,Санкт-Петербург,Н45,0.655
К1,Санкт-Петербург,Н46,0.67
К1,Санкт-Петербург,Н47,0.566
К1,Санкт-Петербург,Н48,0.577
К1,Санкт-Петербург,Н49,0.6
К1,Санкт-Петербург,Н50,0.51
К1,Санкт-Петербург,Н51,0.42
К1,Санкт-Петербург,Н52,0.478
К2,Санкт-Петербург,Н1,0.888
К2,Санкт-Петербург,Н2,0.942
К2,Санкт-Петербург,Н3,0.852
К2,Санкт-Петербург,Н4,1.09
К2,Санкт-Петербург,Н5,1.432
К2,Санкт-Петербург,Н6,1.576
К2,Санкт-Петербург,Н7,1.614
К2,Санкт-Петербург,Н8,1.668
К2,Санкт-Петербург,Н9,1.461
К2,Санкт-Петербург,Н10,1.609
К2,Санкт-Петербург,Н11,1.9
К2,Санкт-Петербург,Н12,2.168
К2,Санкт-Петербург,Н13,1.69
К2,Санкт-Петербург,Н14,1.398
К2,Санкт-Петербург,Н15,1.458
К2,Санкт-Петербург,Н16,1.097
К2,Санкт-Петербург,Н17,1.275
К2,Санкт-Петербург,Н18,1.194
К2,Санкт-Петербург,Н19,1.098
К2,Санкт-Петербург,Н20,1.133
К2,Санкт-Петербург,Н21,1.097
К2,Санкт-Петербург,Н22,1.151
К2,Санкт-Петербург,Н23,0.983
К2,Санкт-Петербург,Н24,1.135
К2,Санкт-Петербург,Н25,1.207
К2,Санкт-Петербург,Н26,1.146
К2,Санкт-Петербург,Н27,1.32
К2,Санкт-Петербург,Н28,1.385
К2,Санкт-Петербург,Н29,1.339
К2,Санкт-Петербург,Н30,1.511
К2,Санкт-Петербург,Н31,1.685
К2,Санкт-Петербург,Н32,1.747
К2,Санкт-Петербург,Н33,1.637
К2,Санкт-Петербург,Н34,1.551
К2,Санкт-Петербург,Н35,1.871
К2,Санкт-Петербург,Н36,1.767
К2,Санкт-Петербург,Н37,2.062
К2,Санкт-Петербург,Н38,2.069
К2,Санкт-Петербург,Н39,1.699
К2,Санкт-Петербург,Н40,1.556
К2,Санкт-Петербург,Н41,1.473
К2,Санкт-Петербург,Н42,1.288
К2,Санкт-Петербург,Н43,1.051
К2,Санкт-Петербург,Н44,1.53
К2,Санкт-Петербург,Н45,1.643
К2,Санкт-Петербург,Н46,1.73
К2,Санкт-Петербург,Н47,1.81
К2,Санкт-Петербург,Н48,1.66
К2,Санкт-Петербург,Н49,1.737
К2,Санкт-Петербург,Н50,1.663
К2,Санкт-Петербург,Н51,1.693
К2,Санкт-Петербург,Н52,1.367
К3,Санкт-Петербург,Н1,6.119
К3,Санкт-Петербург,Н2,5.701
К3,Санкт-Петербург,Н3,5.137
К3,Санкт-Петербург,Н4,3.567
К3,Санкт-Петербург,Н5,4.059
К3,Санкт-Петербург,Н6,5.023
К3,Санкт-Петербург,Н7,5.59
К3,Санкт-Петербург,Н8,7.118
К3,Санкт-Петербург,Н9,6.995
К3,Санкт-Петербург,Н10,7.051
К3,Санкт-Петербург,Н11,7.154
К3,Санкт-Петербург,Н12,7.644
К3,Санкт-Петербург,Н13,7.483
К3,Санкт-Петербург,Н14,7.033
К3,Санкт-Петербург,Н15,6.614
К3,Санкт-Петербург,Н16,5.962
К3,Санкт-Петербург,Н17,6.054
К3,Санкт-Петербург,Н18,6.179
К3,Санкт-Петербург,Н19,6.751
К3,Санкт-Петербург,Н20,6.671
К3,Санкт-Петербург,Н21,6.408
К3,Санкт-Петербург,Н22,6.514
К3,Санкт-Петербург,Н23,6.73
К3,Санкт-Петербург,Н24,6.496
К3,Санкт-Петербург,Н25,6.232
К3,Санкт-Петербург,Н26,6.309
К3,Санкт-Петербург,Н27,6.308
К3,Санкт-Петербург,Н28,6.414
К3,Санкт-Петербург,Н29,5.965
К3,Санкт-Петербург,Н30,6.007
К3,Санкт-Петербург,Н31,5.898
К3,Санкт-Петербург,Н32,6.471
К3,Санкт-Петербург,Н33,6.143
К3,Санкт-Петербург,Н34,6.005
К3,Санкт-Петербург,Н35,5.968
К3,Санкт-Петербург,Н36,6.179
К3,Санкт-Петербург,Н37,6.264
К3,Санкт-Петербург,Н38,6.788
К3,Санкт-Петербург,Н39,6.431
К3,Санкт-Петербург,Н40,6.78
К3,Санкт-Петербург,Н41,6.398
К3,Санкт-Петербург,Н42,5.876
К3,Санкт-Петербург,Н43,3.685
К3,Санкт-Петербург,Н44,4.122
К3,Санкт-Петербург,Н45,6.577
К3,Санкт-Петербург,Н46,6.604
К3,Санкт-Петербург,Н47,5.618
К3,Санкт-Петербург,Н48,5.321
К3,Санкт-Петербург,Н49,6.027
К3,Санкт-Петербург,Н50,6.307
К3,Санкт-Петербург,Н51,5.775
К3,Санкт-Петербург,Н52,7.395
К4,Санкт-Петербург,Н1,4.703
К4,Санкт-Петербург,Н2,4.558
К4,Санкт-Петербург,Н3,3.44
К4,Санкт-Петербург,Н4,2.974
К4,Санкт-Петербург,Н5,3.31
К4,Санкт-Петербург,Н6,3.491
К4,Санкт-Петербург,Н7,3.88
К4,Санкт-Петербург,Н8,4.15
К4,Санкт-Петербург,Н9,4.278
К4,Санкт-Петербург,Н10,4.831
К4,Санкт-Петербург,Н11,5.045
К4,Санкт-Петербург,Н12,4.589
К4,Санкт-Петербург,Н13,4.594
К4,Санкт-Петербург,Н14,4.565
К4,Санкт-Петербург,Н15,4.256
К4,Санкт-Петербург,Н16,4.223
К4,Санкт-Петербург,Н17,4.98
К4,Санкт-Петербург,Н18,5.284
К4,Санкт-Петербург,Н19,5.13
К4,Санкт-Петербург,Н20,5.79
К4,Санкт-Петербург,Н21,6.01
К4,Санкт-Петербург,Н22,5.628
К4,Санкт-Петербург,Н23,5.582
К4,Санкт-Петербург,Н24,6.451
К4,Санкт-Петербург,Н25,6.275
К4,Санкт-Петербург,Н26,5.874
К4,Санкт-Петербург,Н27,5.736
К4,Санкт-Петербург,Н28,5.659
К4,Санкт-Петербург,Н29,6.181
К4,Санкт-Петербург,Н30,9.92
К4,Санкт-Петербург,Н31,34.859
К4,Санкт-Петербург,Н32,15.475
К4,Санкт-Петербург,Н33,11.279
К4,Санкт-Петербург,Н34,6.832
К4,Санкт-Петербург,Н35,6.999
К4,Санкт-Петербург,Н36,6.425
К4,Санкт-Петербург,Н37,6.971
К4,Санкт-Петербург,Н38,7.166
К4,Санкт-Петербург,Н39,6.2
К4,Санкт-Петербург,Н40,5.418
К4,Санкт-Петербург,Н41,5.275
К4,Санкт-Петербург,Н42,4.498
К4,Санкт-Петербург,Н43,3.791
К4,Санкт-Петербург,Н44,6.538
К4,Санкт-Петербург,Н45,6.595
К4,Санкт-Петербург,Н46,7.012
К4,Санкт-Петербург,Н47,6.619
К4,Санкт-Петербург,Н48,5.922
К4,Санкт-Петербург,Н49,6.031
К4,Санкт-Петербург,Н50,5.453
К4,Санкт-Петербург,Н51,5.265
К4,Санкт-Петербург,Н52,5.092
К5,Санкт-Петербург,Н1,11.012
К5,Санкт-Петербург,Н2,12.873
К5,Санкт-Петербург,Н3,13.351
К5,Санкт-Петербург,Н4,18.18
К5,Санкт-Петербург,Н5,16.712
К5,Санкт-Петербург,Н6,15.803
К5,Санкт-Петербург,Н7,14.247
К5,Санкт-Петербург,Н8,12.638
К5,Санкт-Петербург,Н9,10.194
К5,Санкт-Петербург,Н10,12.601
К5,Санкт-Петербург,Н11,12.155
К5,Санкт-Петербург,Н12,10.69
К5,Санкт-Петербург,Н13,11.089
К5,Санкт-Петербург,Н14,8.637
К5,Санкт-Петербург,Н15,9.338
К5,Санкт-Петербург,Н16,8.528
К5,Санкт-Петербург,Н17,9.13
К5,Санкт-Петербург,Н18,9.315
К5,Санкт-Петербург,Н19,8.817
К5,Санкт-Петербург,Н20,8.411
К5,Санкт-Петербург,Н21,8.29
К5,Санкт-Петербург,Н22,8.335
К5,Санкт-Петербург,Н23,8.182
К5,Санкт-Петербург,Н24,8.645
К5,Санкт-Петербург,Н25,9.35
К5,Санкт-Петербург,Н26,9.306
К5,Санкт-Петербург,Н27,10.549
К5,Санкт-Петербург,Н28,10.132
К5,Санкт-Петербург,Н29,10.4
К5,Санкт-Петербург,Н30,11.035
К5,Санкт-Петербург,Н31,13.607
К5,Санкт-Петербург,Н32,13.749
К5,Санкт-Петербург,Н33,13.819
К5,Санкт-Петербург,Н34,13.857
К5,Санкт-Петербург,Н35,14.795
К5,Санкт-Петербург,Н36,15.51
К5,Санкт-Петербург,Н37,15.874
К5,Санкт-Петербург,Н38,15.336
К5,Санкт-Петербург,Н39,14.674
К5,Санкт-Петербург,Н40,13.025
К5,Санкт-Петербург,Н41,12.187
К5,Санкт-Петербург,Н42,10.255
К5,Санкт-Петербург,Н43,7.39
К5,Санкт-Петербург,Н44,11.279
К5,Санкт-Петербург,Н45,14.365
К5,Санкт-Петербург,Н46,15.054
К5,Санкт-Петербург,Н47,15.576
К5,Санкт-Петербург,Н48,15.551
К5,Санкт-Петербург,Н49,14.68
К5,Санкт-Петербург,Н50,13.714
К5,Санкт-Петербург,Н51,13.032
К5,Санкт-Петербург,Н52,12.55
К6,Санкт-Петербург,Н1,0.325
К6,Санкт-Петербург,Н2,0.285
К6,Санкт-Петербург,Н3,0.233
К6,Санкт-Петербург,Н4,0.111
К6,Санкт-Петербург,Н5,0.143
К6,Санкт-Петербург,Н6,0.175
К6,Санкт-Петербург,Н7,0.173
К6,Санкт-Петербург,Н8,0.157
К6,Санкт-Петербург,Н9,0.156
К6,Санкт-Петербург,Н10,0.214
К6,Санкт-Петербург,Н11,0.228
К6,Санкт-Петербург,Н12,0.229
К6,Санкт-Петербург,Н13,0.221
К6,Санкт-Петербург,Н14,0.181
К6,Санкт-Петербург,Н15,0.194
К6,Санкт-Петербург,Н16,0.172
К6,Санкт-Петербург,Н17,0.181
К6,Санкт-Петербург,Н18,0.205
К6,Санкт-Петербург,Н19,0.218
К6,Санкт-Петербург,Н20,0.228
К6,Санкт-Петербург,Н21,0.218
К6,Санкт-Петербург,Н22,0.241
К6,Санкт-Петербург,Н23,0.224
К6,Санкт-Петербург,Н24,0.241
К6,Санкт-Петербург,Н25,0.164
К6,Санкт-Петербург,Н26,0.153
К6,Санкт-Петербург,Н27,0.182
К6,Санкт-Петербург,Н28,0.185
К6,Санкт-Петербург,Н29,0.194
К6,Санкт-Петербург,Н30,0.211
К6,Санкт-Петербург,Н31,0.234
К6,Санкт-Петербург,Н32,0.231
К6,Санкт-Петербург,Н33,0.262
К6,Санкт-Петербург,Н34,0.272
К6,Санкт-Петербург,Н35,0.241
К6,Санкт-Петербург,Н36,0.217
К6,Санкт-Петербург,Н37,0.285
К6,Санкт-Петербург,Н38,0.243
К6,Санкт-Петербург,Н39,0.299
К6,Санкт-Петербург,Н40,0.261
К6,Санкт-Петербург,Н41,0.247
К6,Санкт-Петербург,Н42,0.26
К6,Санкт-Петербург,Н43,0.084
К6,Санкт-Петербург,Н44,0.136
К6,Санкт-Петербург,Н45,0.317
К6,Санкт-Петербург,Н46,0.425
К6,Санкт-Петербург,Н47,0.396
К6,Санкт-Петербург,Н48,0.364
К6,Санкт-Петербург,Н49,0.42
К6,Санкт-Петербург,Н50,0.365
К6,Санкт-Петербург,Н51,0.362
К6,Санкт-Петербург,Н52,0.495
К1,Самара,Н1,0.512
К1,Самара,Н2,0.581
К1,Самара,Н3,0.453
К1,Самара,Н4,0.224
К1,Самара,Н5,0.274
К1,Самара,Н6,0.315
К1,Самара,Н7,0.309
К1,Самара,Н8,0.297
К1,Самара,Н9,0.211
К1,Самара,Н10,0.422
К1,Самара,Н11,0.492
К1,Самара,Н12,0.349
К1,Самара,Н13,0.393
К1,Самара,Н14,0.255
К1,Самара,Н15,0.277
К1,Самара,Н16,0.252
К1,Самара,Н17,0.273
К1,Самара,Н18,0.193
К1,Самара,Н19,0.314
К1,Самара,Н20,0.33
К1,Самара,Н21,0.344
К1,Самара,Н22,0.403
К1,Самара,Н23,0.373
К1,Самара,Н24,0.375
К1,Самара,Н25,0.312
К1,Самара,Н26,0.298
К1,Самара,Н27,0.39
К1,Самара,Н28,0.317
К1,Самара,Н29,0.337
К1,Самара,Н30,0.275
К1,Самара,Н31,0.228
К1,Самара,Н32,0.23
К1,Самара,Н33,0.285
К1,Самара,Н34,0.368
К1,Самара,Н35,0.384
К1,Самара,Н36,0.304
К1,Самара,Н37,0.456
К1,Самара,Н38,0.487
К1,Самара,Н39,0.374
К1,Самара,Н40,0.434
К1,Самара,Н41,0.565
К1,Самара,Н42,0.614
К1,Самара,Н43,0.298
К1,Самара,Н44,0.336
К1,Самара,Н45,0.743
К1,Самара,Н46,0.615
К1,Самара,Н47,0.751
К1,Самара,Н48,0.77
К1,Самара,Н49,0.804
К1,Самара,Н50,0.833
К1,Самара,Н51,0.692
К1,Самара,Н52,0.72
К2,Самара,Н1,0.348
К2,Самара,Н2,0.327
К2,Самара,Н3,0.321
К2,Самара,Н4,0.4
К2,Самара,Н5,0.6
К2,Самара,Н6,0.625
К2,Самара,Н7,0.557
К2,Самара,Н8,0.513
К2,Самара,Н9,0.387
К2,Самара,Н10,0.67
К2,Самара,Н11,0.714
К2,Самара,Н12,0.567
К2,Самара,Н13,0.506
К2,Самара,Н14,0.428
К2,Самара,Н15,0.447
К2,Самара,Н16,0.317
К2,Самара,Н17,0.3
К2,Самара,Н18,0.267
К2,Самара,Н19,0.287
К2,Самара,Н20,0.233
К2,Самара,Н21,0.32
К2,Самара,Н22,0.273
К2,Самара,Н23,0.324
К2,Самара,Н24,0.271
К2,Самара,Н25,0.28
К2,Самара,Н26,0.249
К2,Самара,Н27,0.3
К2,Самара,Н28,0.316
К2,Самара,Н29,0.273
К2,Самара,Н30,0.298
К2,Самара,Н31,0.338
К2,Самара,Н32,0.367
К2,Самара,Н33,0.38
К2,Самара,Н34,0.393
К2,Самара,Н35,0.405
К2,Самара,Н36,0.402
К2,Самара,Н37,0.423
К2,Самара,Н38,0.359
К2,Самара,Н39,0.336
К2,Самара,Н40,0.375
К2,Самара,Н41,0.261
К2,Самара,Н42,0.273
К2,Самара,Н43,0.26
К2,Самара,Н44,0.326
К2,Самара,Н45,0.318
К2,Самара,Н46,0.382
К2,Самара,Н47,0.411
К2,Самара,Н48,0.342
К2,Самара,Н49,0.358
К2,Самара,Н50,0.358
К2,Самара,Н51,0.347
К2,Самара,Н52,0.319
К3,Самара,Н1,1.303
К3,Самара,Н2,1.296
К3,Самара,Н3,1.111
К3,Самара,Н4,0.967
К3,Самара,Н5,1.07
К3,Самара,Н6,0.955
К3,Самара,Н7,1.315
К3,Самара,Н8,1.391
К3,Самара,Н9,1.223
К3,Самара,Н10,1.296
К3,Самара,Н11,1.426
К3,Самара,Н12,1.411
К3,Самара,Н13,1.425
К3,Самара,Н14,1.187
К3,Самара,Н15,1.097
К3,Самара,Н16,1.08
К3,Самара,Н17,1
К3,Самара,Н18,1.065
К3,Самара,Н19,0.993
К3,Самара,Н20,0.985
К3,Самара,Н21,1.151
К3,Самара,Н22,1.014
К3,Самара,Н23,1.039
К3,Самара,Н24,1.004
К3,Самара,Н25,1.004
К3,Самара,Н26,1.077
К3,Самара,Н27,0.958
К3,Самара,Н28,0.897
К3,Самара,Н29,1.157
К3,Самара,Н30,1.024
К3,Самара,Н31,0.947
К3,Самара,Н32,1.016
К3,Самара,Н33,0.858
К3,Самара,Н34,0.98
К3,Самара,Н35,0.963
К3,Самара,Н36,0.969
К3,Самара,Н37,0.904
К3,Самара,Н38,0.879
К3,Самара,Н39,1.491
К3,Самара,Н40,1.521
К3,Самара,Н41,1.058
К3,Самара,Н42,0.988
К3,Самара,Н43,0.504
К3,Самара,Н44,0.559
К3,Самара,Н45,1.068
К3,Самара,Н46,1.001
К3,Самара,Н47,1.175
К3,Самара,Н48,1.188
К3,Самара,Н49,1.007
К3,Самара,Н50,1.011
К3,Самара,Н51,0.864
К3,Самара,Н52,1.026
К4,Самара,Н1,2.874
К4,Самара,Н2,2.735
К4,Самара,Н3,2.167
К4,Самара,Н4,1.696
К4,Самара,Н5,1.977
К4,Самара,Н6,2.265
К4,Самара,Н7,2.713
К4,Самара,Н8,2.173
К4,Самара,Н9,2.005
К4,Самара,Н10,2.61
К4,Самара,Н11,2.58
К4,Самара,Н12,2.403
К4,Самара,Н13,2.476
К4,Самара,Н14,2.135
К4,Самара,Н15,2.204
К4,Самара,Н16,2.252
К4,Самара,Н17,1.934
К4,Самара,Н18,1.941
К4,Самара,Н19,2.217
К4,Самара,Н20,2.47
К4,Самара,Н21,2.715
К4,Самара,Н22,2.651
К4,Самара,Н23,2.841
К4,Самара,Н24,2.908
К4,Самара,Н25,2.56
К4,Самара,Н26,2.411
К4,Самара,Н27,2.549
К4,Самара,Н28,2.705
К4,Самара,Н29,2.698
К4,Самара,Н30,2.29
К4,Самара,Н31,2.492
К4,Самара,Н32,2.702
К4,Самара,Н33,2.875
К4,Самара,Н34,2.968
К4,Самара,Н35,3.189
К4,Самара,Н36,2.969
К4,Самара,Н37,3.064
К4,Самара,Н38,2.929
К4,Самара,Н39,3.267
К4,Самара,Н40,3.279
К4,Самара,Н41,2.842
К4,Самара,Н42,2.033
К4,Самара,Н43,1.708
К4,Самара,Н44,3.095
К4,Самара,Н45,3.427
К4,Самара,Н46,3.248
К4,Самара,Н47,3.384
К4,Самара,Н48,3.647
К4,Самара,Н49,3.389
К4,Самара,Н50,3.116
К4,Самара,Н51,3.027
К4,Самара,Н52,3.22
К5,Самара,Н1,3.48
К5,Самара,Н2,3.942
К5,Самара,Н3,4.182
К5,Самара,Н4,5.168
К5,Самара,Н5,5.101
К5,Самара,Н6,4.703
К5,Самара,Н7,4.795
К5,Самара,Н8,3.853
К5,Самара,Н9,2.812
К5,Самара,Н10,3.904
К5,Самара,Н11,4.352
К5,Самара,Н12,3.492
К5,Самара,Н13,2.853
К5,Самара,Н14,2.454
К5,Самара,Н15,2.465
К5,Самара,Н16,2.48
К5,Самара,Н17,2.089
К5,Самара,Н18,1.926
К5,Самара,Н19,2.045
К5,Самара,Н20,2.135
К5,Самара,Н21,2.225
К5,Самара,Н22,2.283
К5,Самара,Н23,2.234
К5,Самара,Н24,2.375
К5,Самара,Н25,2.053
К5,Самара,Н26,2.09
К5,Самара,Н27,2.491
К5,Самара,Н28,2.468
К5,Самара,Н29,2.373
К5,Самара,Н30,2.479
К5,Самара,Н31,2.936
К5,Самара,Н32,3.041
К5,Самара,Н33,3.179
К5,Самара,Н34,3.305
К5,Самара,Н35,3.243
К5,Самара,Н36,3.669
К5,Самара,Н37,3.552
К5,Самара,Н38,3.456
К5,Самара,Н39,3.44
К5,Самара,Н40,3.257
К5,Самара,Н41,3.104
К5,Самара,Н42,2.572
К5,Самара,Н43,1.679
К5,Самара,Н44,2.718
К5,Самара,Н45,3.521
К5,Самара,Н46,3.774
К5,Самара,Н47,3.799
К5,Самара,Н48,3.782
К5,Самара,Н49,3.535
К5,Самара,Н50,3.221
К5,Самара,Н51,2.981
К5,Самара,Н52,2.88
К6,Самара,Н1,0.066
К6,Самара,Н2,0.054
К6,Самара,Н3,0.044
К6,Самара,Н4,0.018
К6,Самара,Н5,0.025
К6,Самара,Н6,0.02
К6,Самара,Н7,0.03
К6,Самара,Н8,0.038
К6,Самара,Н9,0.019
К6,Самара,Н10,0.028
К6,Самара,Н11,0.038
К6,Самара,Н12,0.05
К6,Самара,Н13,0.061
К6,Самара,Н14,0.036
К6,Самара,Н15,0.039
К6,Самара,Н16,0.034
К6,Самара,Н17,0.038
К6,Самара,Н18,0.028
К6,Самара,Н19,0.035
К6,Самара,Н20,0.046
К6,Самара,Н21,0.039
К6,Самара,Н22,0.033
К6,Самара,Н23,0.036
К6,Самара,Н24,0.025
К6,Самара,Н25,0.047
К6,Самара,Н26,0.038
К6,Самара,Н27,0.019
К6,Самара,Н28,0.03
К6,Самара,Н29,0.054
К6,Самара,Н30,0.06
К6,Самара,Н31,0.036
К6,Самара,Н32,0.04
К6,Самара,Н33,0.036
К6,Самара,Н34,0.039
К6,Самара,Н35,0.033
К6,Самара,Н36,0.038
К6,Самара,Н37,0.041
К6,Самара,Н38,0.062
К6,Самара,Н39,0.065
К6,Самара,Н40,0.049
К6,Самара,Н41,0.044
К6,Самара,Н42,0.036
К6,Самара,Н43,0.008
К6,Самара,Н44,0.019
К6,Самара,Н45,0.059
К6,Самара,Н46,0.054
К6,Самара,Н47,0.055
К6,Самара,Н48,0.051
К6,Самара,Н49,0.057
К6,Самара,Н50,0.068
К6,Самара,Н51,0.04
К6,Самара,Н52,0.085
К1,Краснодар,Н1,0.087
К1,Краснодар,Н2,0.064
К1,Краснодар,Н3,0.041
К1,Краснодар,Н4,0.021
К1,Краснодар,Н5,0.026
К1,Краснодар,Н6,0.038
К1,Краснодар,Н7,0.032
К1,Краснодар,Н8,0.037
К1,Краснодар,Н9,0.049
К1,Краснодар,Н10,0.038
К1,Краснодар,Н11,0.048
К1,Краснодар,Н12,0.085
К1,Краснодар,Н13,0.045
К1,Краснодар,Н14,0.061
К1,Краснодар,Н15,0.063
К1,Краснодар,Н16,0.061
К1,Краснодар,Н17,0.101
К1,Краснодар,Н18,0.126
К1,Краснодар,Н19,0.071
К1,Краснодар,Н20,0.077
К1,Краснодар,Н21,0.094
К1,Краснодар,Н22,0.105
К1,Краснодар,Н23,0.119
К1,Краснодар,Н24,0.074
К1,Краснодар,Н25,0.083
К1,Краснодар,Н26,0.093
К1,Краснодар,Н27,0.061
К1,Краснодар,Н28,0.042
К1,Краснодар,Н29,0.08
К1,Краснодар,Н30,0.052
К1,Краснодар,Н31,0.066
К1,Краснодар,Н32,0.048
К1,Краснодар,Н33,0.125
К1,Краснодар,Н34,0.096
К1,Краснодар,Н35,0.125
К1,Краснодар,Н36,0.071
К1,Краснодар,Н37,0.081
К1,Краснодар,Н38,0.075
К1,Краснодар,Н39,0.081
К1,Краснодар,Н40,0.087
К1,Краснодар,Н41,0.128
К1,Краснодар,Н42,0.124
К1,Краснодар,Н43,0.06
К1,Краснодар,Н44,0.15
К1,Краснодар,Н45,0.167
К1,Краснодар,Н46,0.106
К1,Краснодар,Н47,0.15
К1,Краснодар,Н48,0.161
К1,Краснодар,Н49,0.151
К1,Краснодар,Н50,0.137
К1,Краснодар,Н51,0.088
К1,Краснодар,Н52,0.111
К2,Краснодар,Н1,0.372
К2,Краснодар,Н2,0.368
К2,Краснодар,Н3,0.481
К2,Краснодар,Н4,0.44
К2,Краснодар,Н5,0.55
К2,Краснодар,Н6,0.565
К2,Краснодар,Н7,0.531
К2,Краснодар,Н8,0.645
К2,Краснодар,Н9,0.643
К2,Краснодар,Н10,0.53
К2,Краснодар,Н11,0.671
К2,Краснодар,Н12,0.657
К2,Краснодар,Н13,0.573
К2,Краснодар,Н14,0.476
К2,Краснодар,Н15,0.523
К2,Краснодар,Н16,0.444
К2,Краснодар,Н17,0.389
К2,Краснодар,Н18,0.452
К2,Краснодар,Н19,0.392
К2,Краснодар,Н20,0.461
К2,Краснодар,Н21,0.425
К2,Краснодар,Н22,0.409
К2,Краснодар,Н23,0.431
К2,Краснодар,Н24,0.376
К2,Краснодар,Н25,0.375
К2,Краснодар,Н26,0.363
К2,Краснодар,Н27,0.37
К2,Краснодар,Н28,0.426
К2,Краснодар,Н29,0.396
К2,Краснодар,Н30,0.333
К2,Краснодар,Н31,0.371
К2,Краснодар,Н32,0.459
К2,Краснодар,Н33,0.396
К2,Краснодар,Н34,0.445
К2,Краснодар,Н35,0.38
К2,Краснодар,Н36,0.411
К2,Краснодар,Н37,0.377
К2,Краснодар,Н38,0.409
К2,Краснодар,Н39,0.43
К2,Краснодар,Н40,0.544
К2,Краснодар,Н41,0.466
К2,Краснодар,Н42,0.363
К2,Краснодар,Н43,0.264
К2,Краснодар,Н44,0.52
К2,Краснодар,Н45,0.593
К2,Краснодар,Н46,0.495
К2,Краснодар,Н47,0.587
К2,Краснодар,Н48,0.551
К2,Краснодар,Н49,0.546
К2,Краснодар,Н50,0.571
К2,Краснодар,Н51,0.436
К2,Краснодар,Н52,0.423
К3,Краснодар,Н1,1.579
К3,Краснодар,Н2,1.466
К3,Краснодар,Н3,1.337
К3,Краснодар,Н4,0.91
К3,Краснодар,Н5,0.857
К3,Краснодар,Н6,0.991
К3,Краснодар,Н7,1.15
К3,Краснодар,Н8,1.065
К3,Краснодар,Н9,0.967
К3,Краснодар,Н10,1.162
К3,Краснодар,Н11,1.182
К3,Краснодар,Н12,1.226
К3,Краснодар,Н13,1.471
К3,Краснодар,Н14,1.405
К3,Краснодар,Н15,1.5
К3,Краснодар,Н16,1.448
К3,Краснодар,Н17,1.203
К3,Краснодар,Н18,1.468
К3,Краснодар,Н19,1.381
К3,Краснодар,Н20,1.442
К3,Краснодар,Н21,1.427
К3,Краснодар,Н22,1.377
К3,Краснодар,Н23,1.263
К3,Краснодар,Н24,1.274
К3,Краснодар,Н25,1.229
К3,Краснодар,Н26,1.228
К3,Краснодар,Н27,0.962
К3,Краснодар,Н28,1.043
К3,Краснодар,Н29,0.829
К3,Краснодар,Н30,0.881
К3,Краснодар,Н31,0.966
К3,Краснодар,Н32,0.966
К3,Краснодар,Н33,1.129
К3,Краснодар,Н34,0.916
К3,Краснодар,Н35,0.788
К3,Краснодар,Н36,0.903
К3,Краснодар,Н37,0.842
К3,Краснодар,Н38,0.83
К3,Краснодар,Н39,1.001
К3,Краснодар,Н40,1.01
К3,Краснодар,Н41,1.11
К3,Краснодар,Н42,0.955
К3,Краснодар,Н43,0.609
К3,Краснодар,Н44,0.672
К3,Краснодар,Н45,0.977
К3,Краснодар,Н46,0.924
К3,Краснодар,Н47,1.169
К3,Краснодар,Н48,1.164
К3,Краснодар,Н49,1.003
К3,Краснодар,Н50,0.925
К3,Краснодар,Н51,0.901
К3,Краснодар,Н52,1.268
К4,Краснодар,Н1,1.938
К4,Краснодар,Н2,1.935
К4,Краснодар,Н3,1.416
К4,Краснодар,Н4,1.185
К4,Краснодар,Н5,2.124
К4,Краснодар,Н6,4.985
К4,Краснодар,Н7,5.147
К4,Краснодар,Н8,5.314
К4,Краснодар,Н9,3.953
К4,Краснодар,Н10,3.059
К4,Краснодар,Н11,1.884
К4,Краснодар,Н12,1.859
К4,Краснодар,Н13,2.005
К4,Краснодар,Н14,1.772
К4,Краснодар,Н15,2.045
К4,Краснодар,Н16,1.811
К4,Краснодар,Н17,1.779
К4,Краснодар,Н18,1.985
К4,Краснодар,Н19,2.222
К4,Краснодар,Н20,2.088
К4,Краснодар,Н21,2.345
К4,Краснодар,Н22,2.307
К4,Краснодар,Н23,2.143
К4,Краснодар,Н24,2.12
К4,Краснодар,Н25,1.834
К4,Краснодар,Н26,1.82
К4,Краснодар,Н27,1.753
К4,Краснодар,Н28,1.674
К4,Краснодар,Н29,1.51
К4,Краснодар,Н30,1.71
К4,Краснодар,Н31,1.729
К4,Краснодар,Н32,1.793
К4,Краснодар,Н33,1.748
К4,Краснодар,Н34,1.932
К4,Краснодар,Н35,1.703
К4,Краснодар,Н36,1.579
К4,Краснодар,Н37,1.922
К4,Краснодар,Н38,1.684
К4,Краснодар,Н39,1.811
К4,Краснодар,Н40,1.842
К4,Краснодар,Н41,1.928
К4,Краснодар,Н42,1.516
К4,Краснодар,Н43,1.503
К4,Краснодар,Н44,2.548
К4,Краснодар,Н45,2.429
К4,Краснодар,Н46,2.638
К4,Краснодар,Н47,2.541
К4,Краснодар,Н48,2.424
К4,Краснодар,Н49,2.252
К4,Краснодар,Н50,1.949
К4,Краснодар,Н51,1.899
К4,Краснодар,Н52,1.77
К5,Краснодар,Н1,3.112
К5,Краснодар,Н2,3.732
К5,Краснодар,Н3,3.986
К5,Краснодар,Н4,5.157
К5,Краснодар,Н5,4.758
К5,Краснодар,Н6,4.69
К5,Краснодар,Н7,4.763
К5,Краснодар,Н8,3.744
К5,Краснодар,Н9,3.339
К5,Краснодар,Н10,3.395
К5,Краснодар,Н11,3.655
К5,Краснодар,Н12,3.459
К5,Краснодар,Н13,3.226
К5,Краснодар,Н14,3.022
К5,Краснодар,Н15,3.057
К5,Краснодар,Н16,2.868
К5,Краснодар,Н17,2.341
К5,Краснодар,Н18,2.723
К5,Краснодар,Н19,2.457
К5,Краснодар,Н20,2.571
К5,Краснодар,Н21,2.71
К5,Краснодар,Н22,2.713
К5,Краснодар,Н23,2.462
К5,Краснодар,Н24,2.76
К5,Краснодар,Н25,2.26
К5,Краснодар,Н26,2.427
К5,Краснодар,Н27,2.406
К5,Краснодар,Н28,2.65
К5,Краснодар,Н29,2.518
К5,Краснодар,Н30,2.813
К5,Краснодар,Н31,3.045
К5,Краснодар,Н32,3.132
К5,Краснодар,Н33,3.102
К5,Краснодар,Н34,3.242
К5,Краснодар,Н35,3.106
К5,Краснодар,Н36,3.054
К5,Краснодар,Н37,3.177
К5,Краснодар,Н38,3.293
К5,Краснодар,Н39,3.175
К5,Краснодар,Н40,3.812
К5,Краснодар,Н41,3.35
К5,Краснодар,Н42,2.767
К5,Краснодар,Н43,2.05
К5,Краснодар,Н44,3.076
К5,Краснодар,Н45,4.246
К5,Краснодар,Н46,3.899
К5,Краснодар,Н47,4.666
К5,Краснодар,Н48,4.53
К5,Краснодар,Н49,4.401
К5,Краснодар,Н50,3.911
К5,Краснодар,Н51,3.611
К5,Краснодар,Н52,3.684
К6,Краснодар,Н1,0.073
К6,Краснодар,Н2,0.064
К6,Краснодар,Н3,0.027
К6,Краснодар,Н4,0.024
К6,Краснодар,Н5,0.048
К6,Краснодар,Н6,0.043
К6,Краснодар,Н7,0.021
К6,Краснодар,Н8,0.03
К6,Краснодар,Н9,0.04
К6,Краснодар,Н10,0.063
К6,Краснодар,Н11,0.058
К6,Краснодар,Н12,0.077
К6,Краснодар,Н13,0.047
К6,Краснодар,Н14,0.043
К6,Краснодар,Н15,0.056
К6,Краснодар,Н16,0.054
К6,Краснодар,Н17,0.055
К6,Краснодар,Н18,0.064
К6,Краснодар,Н19,0.065
К6,Краснодар,Н20,0.077
К6,Краснодар,Н21,0.093
К6,Краснодар,Н22,0.108
К6,Краснодар,Н23,0.068
К6,Краснодар,Н24,0.056
К6,Краснодар,Н25,0.069
К6,Краснодар,Н26,0.054
К6,Краснодар,Н27,0.088
К6,Краснодар,Н28,0.081
К6,Краснодар,Н29,0.055
К6,Краснодар,Н30,0.062
К6,Краснодар,Н31,0.069
К6,Краснодар,Н32,0.099
К6,Краснодар,Н33,0.067
К6,Краснодар,Н34,0.092
К6,Краснодар,Н35,0.071
К6,Краснодар,Н36,0.111
К6,Краснодар,Н37,0.095
К6,Краснодар,Н38,0.096
К6,Краснодар,Н39,0.075
К6,Краснодар,Н40,0.084
К6,Краснодар,Н41,0.065
К6,Краснодар,Н42,0.073
К6,Краснодар,Н43,0.045
К6,Краснодар,Н44,0.05
К6,Краснодар,Н45,0.115
К6,Краснодар,Н46,0.108
К6,Краснодар,Н47,0.106
К6,Краснодар,Н48,0.09
К6,Краснодар,Н49,0.054
К6,Краснодар,Н50,0.073
К6,Краснодар,Н51,0.078
К6,Краснодар,Н52,0.161
К1,Новосибирск,Н1,0.194
К1,Новосибирск,Н2,0.228
К1,Новосибирск,Н3,0.169
К1,Новосибирск,Н4,0.078
К1,Новосибирск,Н5,0.103
К1,Новосибирск,Н6,0.155
К1,Новосибирск,Н7,0.159
К1,Новосибирск,Н8,0.117
К1,Новосибирск,Н9,0.137
К1,Новосибирск,Н10,0.177
К1,Новосибирск,Н11,0.18
К1,Новосибирск,Н12,0.224
К1,Новосибирск,Н13,0.247
К1,Новосибирск,Н14,0.147
К1,Новосибирск,Н15,0.17
К1,Новосибирск,Н16,0.171
К1,Новосибирск,Н17,0.113
К1,Новосибирск,Н18,0.164
К1,Новосибирск,Н19,0.197
К1,Новосибирск,Н20,0.172
К1,Новосибирск,Н21,0.167
К1,Новосибирск,Н22,0.164
К1,Новосибирск,Н23,0.182
К1,Новосибирск,Н24,0.189
К1,Новосибирск,Н25,0.21
К1,Новосибирск,Н26,0.206
К1,Новосибирск,Н27,0.169
К1,Новосибирск,Н28,0.163
К1,Новосибирск,Н29,0.16
К1,Новосибирск,Н30,0.126
К1,Новосибирск,Н31,0.189
К1,Новосибирск,Н32,0.164
К1,Новосибирск,Н33,0.195
К1,Новосибирск,Н34,0.167
К1,Новосибирск,Н35,0.19
К1,Новосибирск,Н36,0.184
К1,Новосибирск,Н37,0.181
К1,Новосибирск,Н38,0.23
К1,Новосибирск,Н39,0.16
К1,Новосибирск,Н40,0.245
К1,Новосибирск,Н41,0.188
К1,Новосибирск,Н42,0.238
К1,Новосибирск,Н43,0.159
К1,Новосибирск,Н44,0.238
К1,Новосибирск,Н45,0.341
К1,Новосибирск,Н46,0.32
К1,Новосибирск,Н47,0.308
К1,Новосибирск,Н48,0.347
К1,Новосибирск,Н49,0.266
К1,Новосибирск,Н50,0.276
К1,Новосибирск,Н51,0.327
К1,Новосибирск,Н52,0.239
К2,Новосибирск,Н1,0.297
К2,Новосибирск,Н2,0.305
К2,Новосибирск,Н3,0.287
К2,Новосибирск,Н4,0.34
К2,Новосибирск,Н5,0.466
К2,Новосибирск,Н6,0.414
К2,Новосибирск,Н7,0.449
К2,Новосибирск,Н8,0.431
К2,Новосибирск,Н9,0.41
К2,Новосибирск,Н10,0.379
К2,Новосибирск,Н11,0.473
К2,Новосибирск,Н12,0.66
К2,Новосибирск,Н13,0.449
К2,Новосибирск,Н14,0.377
К2,Новосибирск,Н15,0.387
К2,Новосибирск,Н16,0.396
К2,Новосибирск,Н17,0.321
К2,Новосибирск,Н18,0.341
К2,Новосибирск,Н19,0.27
К2,Новосибирск,Н20,0.298
К2,Новосибирск,Н21,0.267
К2,Новосибирск,Н22,0.285
К2,Новосибирск,Н23,0.29
К2,Новосибирск,Н24,0.294
К2,Новосибирск,Н25,0.283
К2,Новосибирск,Н26,0.42
К2,Новосибирск,Н27,0.389
К2,Новосибирск,Н28,0.388
К2,Новосибирск,Н29,0.417
К2,Новосибирск,Н30,0.32
К2,Новосибирск,Н31,0.344
К2,Новосибирск,Н32,0.361
К2,Новосибирск,Н33,0.359
К2,Новосибирск,Н34,0.385
К2,Новосибирск,Н35,0.387
К2,Новосибирск,Н36,0.414
К2,Новосибирск,Н37,0.399
К2,Новосибирск,Н38,0.393
К2,Новосибирск,Н39,0.447
К2,Новосибирск,Н40,0.393
К2,Новосибирск,Н41,0.41
К2,Новосибирск,Н42,0.415
К2,Новосибирск,Н43,0.234
К2,Новосибирск,Н44,0.445
К2,Новосибирск,Н45,0.397
К2,Новосибирск,Н46,0.399
К2,Новосибирск,Н47,0.485
К2,Новосибирск,Н48,0.414
К2,Новосибирск,Н49,0.496
К2,Новосибирск,Н50,0.374
К2,Новосибирск,Н51,0.352
К2,Новосибирск,Н52,0.352
К3,Новосибирск,Н1,1.526
К3,Новосибирск,Н2,1.672
К3,Новосибирск,Н3,1.59
К3,Новосибирск,Н4,1.18
К3,Новосибирск,Н5,1.689
К3,Новосибирск,Н6,1.985
К3,Новосибирск,Н7,2.497
К3,Новосибирск,Н8,2.639
К3,Новосибирск,Н9,2.261
К3,Новосибирск,Н10,2.303
К3,Новосибирск,Н11,2.311
К3,Новосибирск,Н12,2.009
К3,Новосибирск,Н13,1.769
К3,Новосибирск,Н14,1.74
К3,Новосибирск,Н15,1.766
К3,Новосибирск,Н16,1.603
К3,Новосибирск,Н17,1.371
К3,Новосибирск,Н18,1.616
К3,Новосибирск,Н19,1.343
К3,Новосибирск,Н20,1.668
К3,Новосибирск,Н21,1.39
К3,Новосибирск,Н22,1.578
К3,Новосибирск,Н23,1.493
К3,Новосибирск,Н24,1.312
К3,Новосибирск,Н25,1.347
К3,Новосибирск,Н26,1.216
К3,Новосибирск,Н27,1.345
К3,Новосибирск,Н28,1.427
К3,Новосибирск,Н29,1.142
К3,Новосибирск,Н30,1.375
К3,Новосибирск,Н31,1.587
К3,Новосибирск,Н32,1.502
К3,Новосибирск,Н33,1.588
К3,Новосибирск,Н34,1.378
К3,Новосибирск,Н35,1.978
К3,Новосибирск,Н36,1.869
К3,Новосибирск,Н37,1.504
К3,Новосибирск,Н38,1.669
К3,Новосибирск,Н39,2.138
К3,Новосибирск,Н40,1.896
К3,Новосибирск,Н41,1.524
К3,Новосибирск,Н42,1.512
К3,Новосибирск,Н43,0.983
К3,Новосибирск,Н44,1.208
К3,Новосибирск,Н45,1.898
К3,Новосибирск,Н46,1.588
К3,Новосибирск,Н47,1.522
К3,Новосибирск,Н48,1.518
К3,Новосибирск,Н49,1.481
К3,Новосибирск,Н50,1.683
К3,Новосибирск,Н51,1.223
К3,Новосибирск,Н52,1.356
К4,Новосибирск,Н1,4.217
К4,Новосибирск,Н2,3.891
К4,Новосибирск,Н3,3.312
К4,Новосибирск,Н4,2.587
К4,Новосибирск,Н5,2.644
К4,Новосибирск,Н6,2.535
К4,Новосибирск,Н7,2.904
К4,Новосибирск,Н8,3.046
К4,Новосибирск,Н9,2.792
К4,Новосибирск,Н10,2.762
К4,Новосибирск,Н11,3.026
К4,Новосибирск,Н12,3.214
К4,Новосибирск,Н13,3.219
К4,Новосибирск,Н14,2.805
К4,Новосибирск,Н15,3.545
К4,Новосибирск,Н16,2.995
К4,Новосибирск,Н17,3.103
К4,Новосибирск,Н18,3.054
К4,Новосибирск,Н19,3.173
К4,Новосибирск,Н20,3.501
К4,Новосибирск,Н21,3.712
К4,Новосибирск,Н22,3.715
К4,Новосибирск,Н23,3.785
К4,Новосибирск,Н24,3.972
К4,Новосибирск,Н25,3.752
К4,Новосибирск,Н26,3.637
К4,Новосибирск,Н27,3.676
К4,Новосибирск,Н28,3.606
К4,Новосибирск,Н29,3.928
К4,Новосибирск,Н30,3.931
К4,Новосибирск,Н31,4.411
К4,Новосибирск,Н32,4.391
К4,Новосибирск,Н33,4.458
К4,Новосибирск,Н34,4.971
К4,Новосибирск,Н35,4.775
К4,Новосибирск,Н36,4.925
К4,Новосибирск,Н37,4.732
К4,Новосибирск,Н38,5.217
К4,Новосибирск,Н39,5.208
К4,Новосибирск,Н40,4.975
К4,Новосибирск,Н41,4.347
К4,Новосибирск,Н42,3.806
К4,Новосибирск,Н43,3.105
К4,Новосибирск,Н44,5.194
К4,Новосибирск,Н45,5.444
К4,Новосибирск,Н46,5.131
К4,Новосибирск,Н47,5.401
К4,Новосибирск,Н48,5.218
К4,Новосибирск,Н49,4.823
К4,Новосибирск,Н50,4.619
К4,Новосибирск,Н51,4.659
К4,Новосибирск,Н52,4.194
К5,Новосибирск,Н1,4.017
К5,Новосибирск,Н2,4.148
К5,Новосибирск,Н3,4.769
К5,Новосибирск,Н4,5.286
К5,Новосибирск,Н5,5.444
К5,Новосибирск,Н6,5.019
К5,Новосибирск,Н7,4.88
К5,Новосибирск,Н8,4.124
К5,Новосибирск,Н9,3.34
К5,Новосибирск,Н10,3.69
К5,Новосибирск,Н11,3.898
К5,Новосибирск,Н12,3.83
К5,Новосибирск,Н13,3.261
К5,Новосибирск,Н14,2.893
К5,Новосибирск,Н15,3.567
К5,Новосибирск,Н16,2.655
К5,Новосибирск,Н17,2.581
К5,Новосибирск,Н18,2.742
К5,Новосибирск,Н19,2.516
К5,Новосибирск,Н20,2.689
К5,Новосибирск,Н21,2.601
К5,Новосибирск,Н22,2.508
К5,Новосибирск,Н23,2.748
К5,Новосибирск,Н24,2.822
К5,Новосибирск,Н25,2.859
К5,Новосибирск,Н26,2.962
К5,Новосибирск,Н27,3.476
К5,Новосибирск,Н28,3.167
К5,Новосибирск,Н29,3.719
К5,Новосибирск,Н30,3.463
К5,Новосибирск,Н31,4.504
К5,Новосибирск,Н32,4.48
К5,Новосибирск,Н33,4.955
К5,Новосибирск,Н34,4.669
К5,Новосибирск,Н35,4.893
К5,Новосибирск,Н36,5.067
К5,Новосибирск,Н37,5.112
К5,Новосибирск,Н38,5.026
К5,Новосибирск,Н39,5.145
К5,Новосибирск,Н40,4.327
К5,Новосибирск,Н41,4.016
К5,Новосибирск,Н42,3.306
К5,Новосибирск,Н43,2.326
К5,Новосибирск,Н44,4.008
К5,Новосибирск,Н45,5.138
К5,Новосибирск,Н46,5.329
К5,Новосибирск,Н47,6.017
К5,Новосибирск,Н48,6.031
К5,Новосибирск,Н49,5.509
К5,Новосибирск,Н50,4.744
К5,Новосибирск,Н51,4.143
К5,Новосибирск,Н52,4.271
К6,Новосибирск,Н1,0.044
К6,Новосибирск,Н2,0.026
К6,Новосибирск,Н3,0.031
К6,Новосибирск,Н4,0.01
К6,Новосибирск,Н5,0.038
К6,Новосибирск,Н6,0.038
К6,Новосибирск,Н7,0.022
К6,Новосибирск,Н8,0.014
К6,Новосибирск,Н9,0.022
К6,Новосибирск,Н10,0.019
К6,Новосибирск,Н11,0.018
К6,Новосибирск,Н12,0.04
К6,Новосибирск,Н13,0.042
К6,Новосибирск,Н14,0.055
К6,Новосибирск,Н15,0.037
К6,Новосибирск,Н16,0.037
К6,Новосибирск,Н17,0.025
К6,Новосибирск,Н18,0.04
К6,Новосибирск,Н19,0.033
К6,Новосибирск,Н20,0.064
К6,Новосибирск,Н21,0.039
К6,Новосибирск,Н22,0.046
К6,Новосибирск,Н23,0.042
К6,Новосибирск,Н24,0.044
К6,Новосибирск,Н25,0.026
К6,Новосибирск,Н26,0.073
К6,Новосибирск,Н27,0.055
К6,Новосибирск,Н28,0.065
К6,Новосибирск,Н29,0.032
К6,Новосибирск,Н30,0.073
К6,Новосибирск,Н31,0.038
К6,Новосибирск,Н32,0.056
К6,Новосибирск,Н33,0.039
К6,Новосибирск,Н34,0.067
К6,Новосибирск,Н35,0.063
К6,Новосибирск,Н36,0.022
К6,Новосибирск,Н37,0.045
К6,Новосибирск,Н38,0.066
К6,Новосибирск,Н39,0.065
К6,Новосибирск,Н40,0.063
К6,Новосибирск,Н41,0.047
К6,Новосибирск,Н42,0.04
К6,Новосибирск,Н43,0.015
К6,Новосибирск,Н44,0.014
К6,Новосибирск,Н45,0.078
К6,Новосибирск,Н46,0.06
К6,Новосибирск,Н47,0.046
К6,Новосибирск,Н48,0.051
К6,Новосибирск,Н49,0.066
К6,Новосибирск,Н50,0.055
К6,Новосибирск,Н51,0.047
К6,Новосибирск,Н52,0.052

